,seq,Local_X_test_X,Local_Y_test_X,Local_X_test_Y,Local_Y_test_Y
0,0.666666667,0.030697148,0.628773316,0,0.6373631
1,0.669047619,0.031666532,0.631058233,0,0.6374129
2,0.671428571,0.031747314,0.633260952,0,0.63953495
3,0.673809524,0.023588335,0.635374916,0,0.64322066
4,0.676190476,0.019468455,0.637428871,0,0.6447417
5,0.678571429,0.015429356,0.639487364,0,0.64487475
6,0.680952381,0.011309476,0.641551908,0,0.64883673
7,0.683333333,0.008239761,0.643609897,0.01211077,0.65111077
8,0.685714286,0,0.645672929,0.028450191,0.65341926
9,0.688095238,0.009613054,0.647758149,0.037977844,0.65541553
10,0.669047619,0.031666532,0.631058233,0,0.6388718
11,0.671428571,0.031747314,0.633260952,0,0.6387294
12,0.673809524,0.023588335,0.635374916,0,0.6408816
13,0.676190476,0.019468455,0.637428871,0,0.64465356
14,0.678571429,0.015429356,0.639487364,0,0.6460989
15,0.680952381,0.011309476,0.641551908,0,0.6463045
16,0.683333333,0.008239761,0.643609897,0.012359887,0.6501137
17,0.685714286,0,0.645672929,0.026194155,0.6524286
18,0.688095238,0.009613054,0.647758149,0.04287669,0.6547691
19,0.69047619,0.029162291,0.649865558,0.05272308,0.6567849
20,0.671428571,0.031747314,0.633260952,0.009778976,0.63975275
21,0.673809524,0.023588335,0.635374916,0.01071772,0.63931924
22,0.676190476,0.019468455,0.637428871,0.000648916,0.64152867
23,0.678571429,0.015429356,0.639487364,0.002025485,0.64544094
24,0.680952381,0.011309476,0.641551908,0.013274759,0.6467768
25,0.683333333,0.008239761,0.643609897,0.02588287,0.6471646
26,0.685714286,0,0.645672929,0.042809457,0.65070736
27,0.688095238,0.009613054,0.647758149,0.057008535,0.6531097
28,0.69047619,0.029162291,0.649865558,0.07379857,0.655447
29,0.692857143,0.063009936,0.651972462,0.08362457,0.6575679
30,0.673809524,0.023588335,0.635374916,0.038932532,0.6401657
31,0.676190476,0.019468455,0.637428871,0.042438775,0.6394844
32,0.678571429,0.015429356,0.639487364,0.033986032,0.64179075
33,0.680952381,0.011309476,0.641551908,0.036495954,0.6458186
34,0.683333333,0.008239761,0.643609897,0.04846868,0.64705026
35,0.685714286,0,0.645672929,0.06103927,0.6476913
36,0.688095238,0.009613054,0.647758149,0.07826862,0.6509669
37,0.69047619,0.029162291,0.649865558,0.09226832,0.6534537
38,0.692857143,0.063009936,0.651972462,0.10850638,0.65572363
39,0.695238095,0.085144196,0.654051631,0.11740039,0.65802765
40,0.676190476,0.019468455,0.637428871,0.064894825,0.64065874
41,0.678571429,0.015429356,0.639487364,0.06997141,0.63987905
42,0.680952381,0.011309476,0.641551908,0.06280893,0.64232075
43,0.683333333,0.008239761,0.643609897,0.06580964,0.64639604
44,0.685714286,0,0.645672929,0.077681005,0.6475444
45,0.688095238,0.009613054,0.647758149,0.08960426,0.64842665
46,0.69047619,0.029162291,0.649865558,0.1055938,0.6515396
47,0.692857143,0.063009936,0.651972462,0.1185866,0.6540625
48,0.695238095,0.085144196,0.654051631,0.13356087,0.6562203
49,0.697619048,0.097665401,0.65609197,0.14056382,0.65873957
50,0.678571429,0.015429356,0.639487364,0.07795861,0.6418948
51,0.680952381,0.011309476,0.641551908,0.082695514,0.64124566
52,0.683333333,0.008239761,0.643609897,0.07589197,0.64381385
53,0.685714286,0,0.645672929,0.0783042,0.647843
54,0.688095238,0.009613054,0.647758149,0.08890891,0.6489619
55,0.69047619,0.029162291,0.649865558,0.099512786,0.6499809
56,0.692857143,0.063009936,0.651972462,0.11263022,0.653138
57,0.695238095,0.085144196,0.654051631,0.12377906,0.65562165
58,0.697619048,0.097665401,0.65609197,0.13689703,0.6576581
59,0.7,0.093545521,0.658109111,0.14132805,0.66035545
60,0.680952381,0.011309476,0.641551908,0.08071554,0.6440562
61,0.683333333,0.008239761,0.643609897,0.08372572,0.6436657
62,0.685714286,0,0.645672929,0.076423466,0.6462908
63,0.688095238,0.009613054,0.647758149,0.07748276,0.6502613
64,0.69047619,0.029162291,0.649865558,0.085989535,0.6513866
65,0.692857143,0.063009936,0.651972462,0.094941646,0.6524385
66,0.695238095,0.085144196,0.654051631,0.10466227,0.65579116
67,0.697619048,0.097665401,0.65609197,0.11354348,0.65818673
68,0.7,0.093545521,0.658109111,0.124634445,0.66013265
69,0.702380952,0.094595686,0.66012121,0.1265528,0.6629443
70,0.683333333,0.008239761,0.643609897,0.078573644,0.6466749
71,0.685714286,0,0.645672929,0.07928491,0.6465663
72,0.688095238,0.009613054,0.647758149,0.07095897,0.64916694
73,0.69047619,0.029162291,0.649865558,0.07034835,0.65311414
74,0.692857143,0.063009936,0.651972462,0.076386124,0.65426743
75,0.695238095,0.085144196,0.654051631,0.083666265,0.65528786
76,0.697619048,0.097665401,0.65609197,0.09032139,0.65889597
77,0.7,0.093545521,0.658109111,0.096877486,0.66119194
78,0.702380952,0.094595686,0.66012121,0.106060356,0.66308665
79,0.704761905,0.095645852,0.66213583,0.10598099,0.6659477
80,0.685714286,0,0.645672929,0.0759421,0.64927673
81,0.688095238,0.009613054,0.647758149,0.07441375,0.64939994
82,0.69047619,0.029162291,0.649865558,0.06488016,0.6519271
83,0.692857143,0.063009936,0.651972462,0.06266078,0.65589786
84,0.695238095,0.085144196,0.654051631,0.06624934,0.65708506
85,0.697619048,0.097665401,0.65609197,0.07202557,0.6580428
86,0.7,0.093545521,0.658109111,0.0763976,0.6618953
87,0.702380952,0.094595686,0.66012121,0.080815494,0.6641015
88,0.704761905,0.095645852,0.66213583,0.0883795,0.6659801
89,0.707142857,0.096696017,0.664153981,0.08696738,0.6688423
90,0.688095238,0.009613054,0.647758149,0.075689435,0.6514895
91,0.69047619,0.029162291,0.649865558,0.07238498,0.6517344
92,0.692857143,0.063009936,0.651972462,0.06173545,0.6542165
93,0.695238095,0.085144196,0.654051631,0.05825612,0.6582401
94,0.697619048,0.097665401,0.65609197,0.059767634,0.6594372
95,0.7,0.093545521,0.658109111,0.06433356,0.6603335
96,0.702380952,0.094595686,0.66012121,0.06748009,0.66435266
97,0.704761905,0.095645852,0.66213583,0.07020143,0.66647935
98,0.707142857,0.096696017,0.664153981,0.07660714,0.6683847
99,0.70952381,0.097826965,0.666171122,0.07455188,0.6712123
100,0.69047619,0.029162291,0.649865558,0.07775068,0.6533208
101,0.692857143,0.063009936,0.651972462,0.07327008,0.6535847
102,0.695238095,0.085144196,0.654051631,0.061769873,0.6560768
103,0.697619048,0.097665401,0.65609197,0.0574691,0.66015744
104,0.7,0.093545521,0.658109111,0.057471216,0.6613333
105,0.702380952,0.094595686,0.66012121,0.06115517,0.66218746
106,0.704761905,0.095645852,0.66213583,0.0638991,0.6662865
107,0.707142857,0.096696017,0.664153981,0.06545019,0.6683465
108,0.70952381,0.097826965,0.666171122,0.07113728,0.6703044
109,0.711904762,0.098877131,0.668188264,0.06887925,0.67308617
110,0.692857143,0.063009936,0.651972462,0.08113778,0.654902
111,0.695238095,0.085144196,0.654051631,0.07603356,0.65511334
112,0.697619048,0.097665401,0.65609197,0.06400058,0.6576734
113,0.7,0.093545521,0.658109111,0.059269994,0.66179633
114,0.702380952,0.094595686,0.66012121,0.058353364,0.6629213
115,0.704761905,0.095645852,0.66213583,0.06145549,0.6637641
116,0.707142857,0.096696017,0.664153981,0.06427464,0.6678679
117,0.70952381,0.097826965,0.666171122,0.06515169,0.6698722
118,0.711904762,0.098877131,0.668188264,0.070463896,0.671893
119,0.714285714,0.100008078,0.670205406,0.06818518,0.6746338
120,0.695238095,0.085144196,0.654051631,0.08387926,0.65655124
121,0.697619048,0.097665401,0.65609197,0.0784699,0.65671176
122,0.7,0.093545521,0.658109111,0.06614372,0.65933937
123,0.702380952,0.094595686,0.66012121,0.06116268,0.6634879
124,0.704761905,0.095645852,0.66213583,0.059691668,0.66456074
125,0.707142857,0.096696017,0.664153981,0.062378347,0.66541433
126,0.70952381,0.097826965,0.666171122,0.06517735,0.6695054
127,0.711904762,0.098877131,0.668188264,0.06560668,0.6714708
128,0.714285714,0.100008078,0.670205406,0.07062256,0.67353237
129,0.716666667,0.101058244,0.672222043,0.06818059,0.6762547
130,0.697619048,0.097665401,0.65609197,0.08565506,0.6583431
131,0.7,0.093545521,0.658109111,0.080037594,0.6584771
132,0.702380952,0.094595686,0.66012121,0.06751734,0.66115105
133,0.704761905,0.095645852,0.66213583,0.062312484,0.6653173
134,0.707142857,0.096696017,0.664153981,0.060405225,0.66634667
135,0.70952381,0.097826965,0.666171122,0.06272265,0.66722023
136,0.711904762,0.098877131,0.668188264,0.065276355,0.6713073
137,0.714285714,0.100008078,0.670205406,0.06529018,0.67324567
138,0.716666667,0.101058244,0.672222043,0.069966674,0.6753253
139,0.719047619,0.102108409,0.674239689,0.06718996,0.678046
140,0.7,0.093545521,0.658109111,0.086683005,0.66026366
141,0.702380952,0.094595686,0.66012121,0.08082765,0.6603974
142,0.704761905,0.095645852,0.66213583,0.06811419,0.6630901
143,0.707142857,0.096696017,0.664153981,0.062638044,0.66727537
144,0.70952381,0.097826965,0.666171122,0.060257792,0.6682725
145,0.711904762,0.098877131,0.668188264,0.062179,0.6691631
146,0.714285714,0.100008078,0.670205406,0.06428829,0.67326653
147,0.716666667,0.101058244,0.672222043,0.06381214,0.675185
148,0.719047619,0.102108409,0.674239689,0.068060786,0.6772666
149,0.721428571,0.103158575,0.676256831,0.06483054,0.67999506
150,0.702380952,0.094595686,0.66012121,0.08796933,0.66214395
151,0.704761905,0.095645852,0.66213583,0.08186197,0.6622689
152,0.707142857,0.096696017,0.664153981,0.06893653,0.6649896
153,0.70952381,0.097826965,0.666171122,0.0631915,0.6691948
154,0.711904762,0.098877131,0.668188264,0.060321867,0.67015517
155,0.714285714,0.100008078,0.670205406,0.06183797,0.67106235
156,0.716666667,0.101058244,0.672222043,0.06356835,0.6751772
157,0.719047619,0.102108409,0.674239689,0.06260669,0.67707294
158,0.721428571,0.103158575,0.676256831,0.066441715,0.6791631
159,0.723809524,0.104208741,0.678273972,0.062800914,0.68189466
160,0.704761905,0.095645852,0.66213583,0.08925688,0.66402566
161,0.707142857,0.096696017,0.664153981,0.08289537,0.66414195
162,0.70952381,0.097826965,0.666171122,0.06975573,0.6668908
163,0.711904762,0.098877131,0.668188264,0.06374067,0.67111653
164,0.714285714,0.100008078,0.670205406,0.06037751,0.67203933
165,0.716666667,0.101058244,0.672222043,0.06148377,0.67296314
166,0.719047619,0.102108409,0.674239689,0.06283444,0.67708945
167,0.721428571,0.103158575,0.676256831,0.061383784,0.6789626
168,0.723809524,0.104208741,0.678273972,0.06479928,0.6810615
169,0.726190476,0.105258906,0.680291114,0.06074682,0.6837958
170,0.707142857,0.096696017,0.664153981,0.090583116,0.66590714
171,0.70952381,0.097826965,0.666171122,0.08396992,0.6660141
172,0.711904762,0.098877131,0.668188264,0.070616245,0.6687915
173,0.714285714,0.100008078,0.670205406,0.06433231,0.67303824
174,0.716666667,0.101058244,0.672222043,0.06047374,0.67392254
175,0.719047619,0.102108409,0.674239689,0.061166465,0.67486346
176,0.721428571,0.103158575,0.676256831,0.06213981,0.67900074
177,0.723809524,0.104208741,0.678273972,0.060197294,0.6808517
178,0.726190476,0.105258906,0.680291114,0.06318849,0.68295956
179,0.728571429,0.106389854,0.682307751,0.058723837,0.6856965
180,0.70952381,0.097826965,0.666171122,0.09195262,0.6677868
181,0.711904762,0.098877131,0.668188264,0.0850904,0.667884
182,0.714285714,0.100008078,0.670205406,0.07152361,0.67069066
183,0.716666667,0.101058244,0.672222043,0.06497228,0.6749588
184,0.719047619,0.102108409,0.674239689,0.060616642,0.67580384
185,0.721428571,0.103158575,0.676256831,0.06089136,0.67676234
186,0.723809524,0.104208741,0.678273972,0.061487943,0.68091
187,0.726190476,0.105258906,0.680291114,0.05905068,0.6827391
188,0.728571429,0.106389854,0.682307751,0.06161183,0.68485594
189,0.730952381,0.107520801,0.684325902,0.056732923,0.6875955
190,0.711904762,0.098877131,0.668188264,0.09331274,0.66966796
191,0.714285714,0.100008078,0.670205406,0.08619803,0.66975605
192,0.716666667,0.101058244,0.672222043,0.072416276,0.6725923
193,0.719047619,0.102108409,0.674239689,0.06559524,0.67688197
194,0.721428571,0.103158575,0.676256831,0.06073746,0.6776869
195,0.723809524,0.104208741,0.678273972,0.060587555,0.6786634
196,0.726190476,0.105258906,0.680291114,0.060800612,0.6828217
197,0.728571429,0.106389854,0.682307751,0.0578627,0.68462914
198,0.730952381,0.107520801,0.684325902,0.059985638,0.68675494
199,0.733333333,0.108570967,0.686341026,0.054687053,0.6894968
200,0.714285714,0.100008078,0.670205406,0.094647735,0.6715527
201,0.716666667,0.101058244,0.672222043,0.08727455,0.6716321
202,0.719047619,0.102108409,0.674239689,0.07327372,0.67449856
203,0.721428571,0.103158575,0.676256831,0.06617957,0.6788095
204,0.723809524,0.104208741,0.678273972,0.06081301,0.6795738
205,0.726190476,0.105258906,0.680291114,0.060231417,0.6805683
206,0.728571429,0.106389854,0.682307751,0.060055077,0.68473774
207,0.730952381,0.107520801,0.684325902,0.056610525,0.6865237
208,0.733333333,0.108570967,0.686341026,0.058286965,0.68865836
209,0.735714286,0.109621133,0.688349595,0.052564293,0.69140244
210,0.716666667,0.101058244,0.672222043,0.09595364,0.6734426
211,0.719047619,0.102108409,0.674239689,0.088315666,0.67351377
212,0.721428571,0.103158575,0.676256831,0.074091494,0.6764103
213,0.723809524,0.104208741,0.678273972,0.066720575,0.680743
214,0.726190476,0.105258906,0.680291114,0.060837746,0.6814662
215,0.728571429,0.106389854,0.682307751,0.059817642,0.68247867
216,0.730952381,0.107520801,0.684325902,0.059245974,0.6866596
217,0.733333333,0.108570967,0.686341026,0.055288672,0.6884242
218,0.735714286,0.109621133,0.688349595,0.05651018,0.690568
219,0.738095238,0.110671298,0.690363711,0.050359517,0.6933137
220,0.719047619,0.102108409,0.674239689,0.0958806,0.6753893
221,0.721428571,0.103158575,0.676256831,0.087825924,0.6754675
222,0.723809524,0.104208741,0.678273972,0.07329363,0.67839396
223,0.726190476,0.105258906,0.680291114,0.06556776,0.6827375
224,0.728571429,0.106389854,0.682307751,0.059095263,0.68342626
225,0.730952381,0.107520801,0.684325902,0.057594866,0.68444717
226,0.733333333,0.108570967,0.686341026,0.05651778,0.6886574
227,0.735714286,0.109621133,0.688349595,0.052009463,0.69039434
228,0.738095238,0.110671298,0.690363711,0.052741796,0.6925477
229,0.74047619,0.108409403,0.692408084,0.046132416,0.69528824
230,0.721428571,0.103158575,0.676256831,0.09495583,0.6774267
231,0.723809524,0.104208741,0.678273972,0.086400986,0.67751455
232,0.726190476,0.105258906,0.680291114,0.071495146,0.68046546
233,0.728571429,0.106389854,0.682307751,0.06337866,0.6848204
234,0.730952381,0.107520801,0.684325902,0.056277692,0.6854768
235,0.733333333,0.108570967,0.686341026,0.05429539,0.6864983
236,0.735714286,0.109621133,0.688349595,0.052717745,0.69074726
237,0.738095238,0.110671298,0.690363711,0.047664225,0.6924522
238,0.74047619,0.108409403,0.692408084,0.04791522,0.6946186
239,0.742857143,0.107763147,0.694522553,0.040879935,0.697349
240,0.723809524,0.104208741,0.678273972,0.09528935,0.6794262
241,0.726190476,0.105258906,0.680291114,0.086399645,0.67950046
242,0.728571429,0.106389854,0.682307751,0.07119113,0.68247306
243,0.730952381,0.107520801,0.684325902,0.06277892,0.68685555
244,0.733333333,0.108570967,0.686341026,0.055140644,0.68747115
245,0.735714286,0.109621133,0.688349595,0.052748352,0.6884996
246,0.738095238,0.110671298,0.690363711,0.050871313,0.6927676
247,0.74047619,0.108409403,0.692408084,0.04535246,0.69444704
248,0.742857143,0.107763147,0.694522553,0.04519415,0.69663
249,0.745238095,0.110671298,0.696695014,0.037833363,0.6993537
250,0.726190476,0.105258906,0.680291114,0.0980899,0.6812589
251,0.728571429,0.106389854,0.682307751,0.089167684,0.6812907
252,0.730952381,0.107520801,0.684325902,0.07382929,0.6842923
253,0.733333333,0.108570967,0.686341026,0.06528121,0.6887168
254,0.735714286,0.109621133,0.688349595,0.057269216,0.6892792
255,0.738095238,0.110671298,0.690363711,0.054548204,0.6903342
256,0.74047619,0.108409403,0.692408084,0.052582413,0.69458586
257,0.742857143,0.107763147,0.694522553,0.046682358,0.6962516
258,0.745238095,0.110671298,0.696695014,0.046183825,0.6984503
259,0.747619048,0.115195088,0.69894211,0.038558573,0.7011771
260,0.728571429,0.106389854,0.682307751,0.10111773,0.6830085
261,0.730952381,0.107520801,0.684325902,0.092193395,0.68300575
262,0.733333333,0.108570967,0.686341026,0.07677704,0.6860493
263,0.735714286,0.109621133,0.688349595,0.06810135,0.69050336
264,0.738095238,0.110671298,0.690363711,0.059738755,0.6910134
265,0.74047619,0.108409403,0.692408084,0.05665797,0.6921034
266,0.742857143,0.107763147,0.694522553,0.05450082,0.6963353
267,0.745238095,0.110671298,0.696695014,0.04818666,0.6979879
268,0.747619048,0.115195088,0.69894211,0.047307134,0.70019734
269,0.75,0.115356652,0.701222993,0.039327115,0.70293
270,0.730952381,0.107520801,0.684325902,0.10273269,0.68488187
271,0.733333333,0.108570967,0.686341026,0.09362224,0.68486905
272,0.735714286,0.109621133,0.688349595,0.078045696,0.6879575
273,0.738095238,0.110671298,0.690363711,0.069137335,0.6924255
274,0.74047619,0.108409403,0.692408084,0.06031695,0.692889
275,0.742857143,0.107763147,0.694522553,0.056786686,0.6940091
276,0.745238095,0.110671298,0.696695014,0.05421248,0.69824266
277,0.747619048,0.115195088,0.69894211,0.047391772,0.6998741
278,0.75,0.115356652,0.701222993,0.046037853,0.7020916
279,0.752380952,0.114548833,0.703506902,0.03757924,0.7048272
280,0.733333333,0.108570967,0.686341026,0.1027911,0.68693507
281,0.735714286,0.109621133,0.688349595,0.09328607,0.68693084
282,0.738095238,0.110671298,0.690363711,0.07742712,0.6900572
283,0.74047619,0.108409403,0.692408084,0.0681707,0.69453347
284,0.742857143,0.107763147,0.694522553,0.05876252,0.6949554
285,0.745238095,0.110671298,0.696695014,0.05471164,0.6960953
286,0.747619048,0.115195088,0.69894211,0.051570147,0.70035267
287,0.75,0.115356652,0.701222993,0.04417211,0.70195603
288,0.752380952,0.114548833,0.703506902,0.042273045,0.70418257
289,0.754761905,0.113821795,0.705779716,0.033278614,0.7069154
290,0.735714286,0.109621133,0.688349595,0.101846516,0.68911076
291,0.738095238,0.110671298,0.690363711,0.091819614,0.68912125
292,0.74047619,0.108409403,0.692408084,0.0755856,0.69227564
293,0.742857143,0.107763147,0.694522553,0.06591326,0.69676256
294,0.745238095,0.110671298,0.696695014,0.05583474,0.6971456
295,0.747619048,0.115195088,0.69894211,0.051240474,0.6982955
296,0.75,0.115356652,0.701222993,0.047501594,0.7025904
297,0.752380952,0.114548833,0.703506902,0.039503127,0.70416284
298,0.754761905,0.113821795,0.705779716,0.037038237,0.70640075
299,0.757142857,0.113094757,0.708046983,0.027525157,0.7091249
300,0.738095238,0.110671298,0.690363711,0.10051656,0.69133353
301,0.74047619,0.108409403,0.692408084,0.08993232,0.69135684
302,0.742857143,0.107763147,0.694522553,0.07327792,0.69452894
303,0.745238095,0.110671298,0.696695014,0.06317404,0.6990332
304,0.747619048,0.115195088,0.69894211,0.05239731,0.69937885
305,0.75,0.115356652,0.701222993,0.047272295,0.700532
306,0.752380952,0.114548833,0.703506902,0.042984545,0.70486975
307,0.754761905,0.113821795,0.705779716,0.034395248,0.7064116
308,0.757142857,0.113094757,0.708046983,0.031379163,0.7086626
309,0.75952381,0.11236772,0.710316268,0.021403402,0.7113743
310,0.74047619,0.108409403,0.692408084,0.09929004,0.6935398
311,0.742857143,0.107763147,0.694522553,0.08817619,0.69356847
312,0.745238095,0.110671298,0.696695014,0.07109448,0.6967517
313,0.747619048,0.115195088,0.69894211,0.06058094,0.7012801
314,0.75,0.115356652,0.701222993,0.04911688,0.7015898
315,0.752380952,0.114548833,0.703506902,0.043490052,0.7027409
316,0.754761905,0.113821795,0.705779716,0.038743347,0.7071216
317,0.757142857,0.113094757,0.708046983,0.029587597,0.7086347
318,0.75952381,0.11236772,0.710316268,0.026053429,0.71089995
319,0.761904762,0.111721464,0.712585552,0.015684754,0.7135975
320,0.742857143,0.107763147,0.694522553,0.0986253,0.69563544
321,0.745238095,0.110671298,0.696695014,0.087062,0.6956495
322,0.747619048,0.115195088,0.69894211,0.069580555,0.69885546
323,0.75,0.115356652,0.701222993,0.0587281,0.7034102
324,0.752380952,0.114548833,0.703506902,0.04664737,0.70367944
325,0.754761905,0.113821795,0.705779716,0.04057291,0.70482755
326,0.757142857,0.113094757,0.708046983,0.035539836,0.70923847
327,0.75952381,0.11236772,0.710316268,0.02589655,0.71072125
328,0.761904762,0.111721464,0.712585552,0.021927088,0.7130082
329,0.764285714,0.110994426,0.714854836,0.011269718,0.7156887
330,0.745238095,0.110671298,0.696695014,0.09840867,0.6976278
331,0.747619048,0.115195088,0.69894211,0.0865033,0.69760984
332,0.75,0.115356652,0.701222993,0.06868288,0.7008538
333,0.752380952,0.114548833,0.703506902,0.057575077,0.7054317
334,0.754761905,0.113821795,0.705779716,0.04499185,0.7056556
335,0.757142857,0.113094757,0.708046983,0.038539648,0.70680535
336,0.75952381,0.11236772,0.710316268,0.033357292,0.7112303
337,0.761904762,0.111721464,0.712585552,0.023329884,0.712681
338,0.764285714,0.110994426,0.714854836,0.019017756,0.71499544
339,0.766666667,0.110267388,0.717124121,0.008141905,0.7176584
340,0.747619048,0.115195088,0.69894211,0.09819853,0.69959635
341,0.75,0.115356652,0.701222993,0.08603454,0.69954437
342,0.752380952,0.114548833,0.703506902,0.06793651,0.7028304
343,0.754761905,0.113821795,0.705779716,0.056622624,0.7074268
344,0.757142857,0.113094757,0.708046983,0.04363063,0.7076044
345,0.75952381,0.11236772,0.710316268,0.036853135,0.708763
346,0.761904762,0.111721464,0.712585552,0.031541646,0.7131932
347,0.764285714,0.110994426,0.714854836,0.021196693,0.71461344
348,0.766666667,0.110267388,0.717124121,0.016590744,0.7169535
349,0.769047619,0.109540351,0.719393405,0.005494565,0.719602
350,0.75,0.115356652,0.701222993,0.09768203,0.70161104
351,0.752380952,0.114548833,0.703506902,0.085285604,0.70153546
352,0.754761905,0.113821795,0.705779716,0.066939175,0.7048539
353,0.757142857,0.113094757,0.708046983,0.05541885,0.7094672
354,0.75952381,0.11236772,0.710316268,0.0420447,0.7096023
355,0.761904762,0.111721464,0.712585552,0.03495419,0.7107734
356,0.764285714,0.110994426,0.714854836,0.029442102,0.71521163
357,0.766666667,0.110267388,0.717124121,0.018779457,0.71660537
358,0.769047619,0.109540351,0.719393405,0.013869464,0.718964
359,0.771428571,0.108813313,0.721663698,0.002504706,0.72160244
360,0.752380952,0.114548833,0.703506902,0.0971058,0.7036343
361,0.754761905,0.113821795,0.705779716,0.08447704,0.7035371
362,0.757142857,0.113094757,0.708046983,0.06588444,0.7068863
363,0.75952381,0.11236772,0.710316268,0.05415532,0.7115163
364,0.761904762,0.111721464,0.712585552,0.04039842,0.7116095
365,0.764285714,0.110994426,0.714854836,0.032993585,0.71279347
366,0.766666667,0.110267388,0.717124121,0.027266532,0.7172408
367,0.769047619,0.109540351,0.719393405,0.016283184,0.7186086
368,0.771428571,0.108813313,0.721663698,0.011062324,0.7209847
369,0.773809524,0.108086275,0.723930461,0,0.72361374
370,0.754761905,0.113821795,0.705779716,0.09653935,0.70565426
371,0.757142857,0.113094757,0.708046983,0.08367717,0.70553493
372,0.75952381,0.11236772,0.710316268,0.06483677,0.70891535
373,0.761904762,0.111721464,0.712585552,0.05289924,0.71356225
374,0.764285714,0.110994426,0.714854836,0.038757622,0.713613
375,0.766666667,0.110267388,0.717124121,0.031036824,0.71481
376,0.769047619,0.109540351,0.719393405,0.025096953,0.7192664
377,0.771428571,0.108813313,0.721663698,0.013792157,0.7206081
378,0.773809524,0.108086275,0.723930461,0.008258402,0.72300184
379,0.776190476,0.107359237,0.726192685,0,0.7256212
380,0.757142857,0.113094757,0.708046983,0.09598002,0.7076716
381,0.75952381,0.11236772,0.710316268,0.082883626,0.70752984
382,0.761904762,0.111721464,0.712585552,0.06379455,0.7109418
383,0.764285714,0.110994426,0.714854836,0.051649123,0.71560585
384,0.766666667,0.110267388,0.717124121,0.037121296,0.71561384
385,0.769047619,0.109540351,0.719393405,0.029082894,0.71682394
386,0.771428571,0.108813313,0.721663698,0.022931248,0.72128934
387,0.773809524,0.108086275,0.723930461,0.011304796,0.72260475
388,0.776190476,0.107359237,0.726192685,0.005455673,0.7250165
389,0.778571429,0.1066322,0.728461466,0,0.7276261
390,0.75952381,0.11236772,0.710316268,0.09488189,0.70970845
391,0.761904762,0.111721464,0.712585552,0.08148882,0.7095499
392,0.764285714,0.110994426,0.714854836,0.06211734,0.7129935
393,0.766666667,0.110267388,0.717124121,0.049733013,0.7176702
394,0.769047619,0.109540351,0.719393405,0.034787804,0.71763813
395,0.771428571,0.108813313,0.721663698,0.026414126,0.718858
396,0.773809524,0.108086275,0.723930461,0.020005763,0.7233397
397,0.776190476,0.107359237,0.726192685,0.008041769,0.7246262
398,0.778571429,0.1066322,0.728461466,0.001861572,0.7270558
399,0.780952381,0.10461265,0.730757981,0,0.729653
400,0.761904762,0.111721464,0.712585552,0.09430727,0.7117524
401,0.764285714,0.110994426,0.714854836,0.080678195,0.71156806
402,0.766666667,0.110267388,0.717124121,0.06104809,0.71504235
403,0.769047619,0.109540351,0.719393405,0.04845974,0.71973896
404,0.771428571,0.108813313,0.721663698,0.03312543,0.71966267
405,0.773809524,0.108086275,0.723930461,0.02444011,0.7208948
406,0.776190476,0.107359237,0.726192685,0.017847687,0.72538537
407,0.778571429,0.1066322,0.728461466,0.00557217,0.7266447
408,0.780952381,0.10461265,0.730757981,0,0.7290939
409,0.783333333,0.105258906,0.733092823,0,0.731681
410,0.764285714,0.110994426,0.714854836,0.09395084,0.71375513
411,0.766666667,0.110267388,0.717124121,0.08011627,0.71354324
412,0.769047619,0.109540351,0.719393405,0.06024918,0.7170507
413,0.771428571,0.108813313,0.721663698,0.04747209,0.7217665
414,0.773809524,0.108086275,0.723930461,0.03176844,0.7216451
415,0.776190476,0.107359237,0.726192685,0.022777647,0.72289264
416,0.778571429,0.1066322,0.728461466,0.01601395,0.7273881
417,0.780952381,0.10461265,0.730757981,0.003434628,0.7286215
418,0.783333333,0.105258906,0.733092823,0,0.73108995
419,0.785714286,0.104370305,0.73544128,0,0.73366714
420,0.766666667,0.110267388,0.717124121,0.093648225,0.71575433
421,0.769047619,0.109540351,0.719393405,0.07961467,0.7155156
422,0.771428571,0.108813313,0.721663698,0.059518486,0.7190578
423,0.773809524,0.108086275,0.723930461,0.046556056,0.72379184
424,0.776190476,0.107359237,0.726192685,0.030486614,0.723625
425,0.778571429,0.1066322,0.728461466,0.021185905,0.72488916
426,0.780952381,0.10461265,0.730757981,0.014241099,0.72938895
427,0.783333333,0.105258906,0.733092823,0.001353651,0.7305964
428,0.785714286,0.104370305,0.73544128,0,0.7330835
429,0.788095238,0.103724049,0.7377736,0,0.73565143
430,0.769047619,0.109540351,0.719393405,0.09327835,0.7177634
431,0.771428571,0.108813313,0.721663698,0.07903242,0.7174996
432,0.773809524,0.108086275,0.723930461,0.058702588,0.7210777
433,0.776190476,0.107359237,0.726192685,0.045546442,0.7258287
434,0.778571429,0.1066322,0.728461466,0.02910009,0.7256162
435,0.780952381,0.10461265,0.730757981,0.019478202,0.7268974
436,0.783333333,0.105258906,0.733092823,0.012329847,0.73140275
437,0.785714286,0.104370305,0.73544128,0,0.73258376
438,0.788095238,0.103724049,0.7377736,0,0.7350893
439,0.79047619,0.102997011,0.740088774,0,0.7376481
440,0.771428571,0.108813313,0.721663698,0.092231184,0.7198092
441,0.773809524,0.108086275,0.723930461,0.077687114,0.7195287
442,0.776190476,0.107359237,0.726192685,0.05707732,0.72314155
443,0.778571429,0.1066322,0.728461466,0.043682784,0.72790456
444,0.780952381,0.10461265,0.730757981,0.026811153,0.72764957
445,0.783333333,0.105258906,0.733092823,0.016839057,0.7289438
446,0.785714286,0.104370305,0.73544128,0.009418041,0.7334641
447,0.788095238,0.103724049,0.7377736,0,0.73461586
448,0.79047619,0.102997011,0.740088774,0,0.73713946
449,0.792857143,0.10089668,0.742414539,0,0.739686
450,0.773809524,0.108086275,0.723930461,0.09097785,0.7219018
451,0.776190476,0.107359237,0.726192685,0.07610652,0.7216037
452,0.778571429,0.1066322,0.728461466,0.055190653,0.7252487
453,0.780952381,0.10461265,0.730757981,0.04154548,0.7300259
454,0.783333333,0.105258906,0.733092823,0.024228126,0.7297283
455,0.785714286,0.104370305,0.73544128,0.01390332,0.7310331
456,0.788095238,0.103724049,0.7377736,0.006217152,0.7355714
457,0.79047619,0.102997011,0.740088774,0,0.7366922
458,0.792857143,0.10089668,0.742414539,0,0.7392354
459,0.795238095,0.100008078,0.744781654,0,0.7417686
460,0.776190476,0.107359237,0.726192685,0.089984685,0.72398746
461,0.778571429,0.1066322,0.728461466,0.07481974,0.7236658
462,0.780952381,0.10461265,0.730757981,0.053608567,0.72734165
463,0.783333333,0.105258906,0.733092823,0.039732754,0.73213756
464,0.785714286,0.104370305,0.73544128,0.021986663,0.7317952
465,0.788095238,0.103724049,0.7377736,0.011327177,0.7331115
466,0.79047619,0.102997011,0.740088774,0.003427208,0.73766387
467,0.792857143,0.10089668,0.742414539,0,0.73875487
468,0.795238095,0.100008078,0.744781654,0,0.7413186
469,0.797619048,0.099442604,0.747198695,0,0.7438391
470,0.778571429,0.1066322,0.728461466,0.089297146,0.7260461
471,0.780952381,0.10461265,0.730757981,0.07388154,0.72569644
472,0.783333333,0.105258906,0.733092823,0.052397847,0.7294048
473,0.785714286,0.104370305,0.73544128,0.038315117,0.7342209
474,0.788095238,0.103724049,0.7377736,0.020165145,0.7338327
475,0.79047619,0.102997011,0.740088774,0.009185284,0.7351625
476,0.792857143,0.10089668,0.742414539,0.00110817,0.7397243
477,0.795238095,0.100008078,0.744781654,0,0.7407868
478,0.797619048,0.099442604,0.747198695,0,0.7433711
479,0.8,0.098715567,0.74966465,0,0.7458797
480,0.780952381,0.10461265,0.730757981,0.08978528,0.7280544
481,0.783333333,0.105258906,0.733092823,0.074257106,0.7276637
482,0.785714286,0.104370305,0.73544128,0.052578002,0.7314083
483,0.788095238,0.103724049,0.7377736,0.038360476,0.73625255
484,0.79047619,0.102997011,0.740088774,0.01987657,0.73581135
485,0.792857143,0.10089668,0.742414539,0.00860855,0.73716366
486,0.795238095,0.100008078,0.744781654,0.000452012,0.74171853
487,0.797619048,0.099442604,0.747198695,0,0.7427573
488,0.8,0.098715567,0.74966465,0,0.7453629
489,0.802380952,0.100250424,0.752168427,0,0.74786484
490,0.783333333,0.105258906,0.733092823,0.08979416,0.73001707
491,0.785714286,0.104370305,0.73544128,0.074089676,0.7295939
492,0.788095238,0.103724049,0.7377736,0.052200645,0.7333854
493,0.79047619,0.102997011,0.740088774,0.037817895,0.7382448
494,0.792857143,0.10089668,0.742414539,0.018979073,0.73775315
495,0.795238095,0.100008078,0.744781654,0.007389069,0.7391286
496,0.797619048,0.099442604,0.747198695,0,0.7436805
497,0.8,0.098715567,0.74966465,0,0.7446919
498,0.802380952,0.100250424,0.752168427,0,0.7473186
499,0.804761905,0.097665401,0.754690863,0,0.74981034
500,0.785714286,0.104370305,0.73544128,0.08429971,0.7322707
501,0.788095238,0.103724049,0.7377736,0.06777769,0.7318813
502,0.79047619,0.102997011,0.740088774,0.04533872,0.73570645
503,0.792857143,0.10089668,0.742414539,0.030454904,0.7405402
504,0.795238095,0.100008078,0.744781654,0.010929346,0.74002886
505,0.797619048,0.099442604,0.747198695,0,0.74139285
506,0.8,0.098715567,0.74966465,0,0.74601877
507,0.802380952,0.100250424,0.752168427,0,0.746979
508,0.804761905,0.097665401,0.754690863,0,0.7496221
509,0.807142857,0.085386542,0.757214811,0,0.7520807
510,0.788095238,0.103724049,0.7377736,0.07098165,0.73508894
511,0.79047619,0.102997011,0.740088774,0.05272296,0.7347925
512,0.792857143,0.10089668,0.742414539,0.029154062,0.73861706
513,0.795238095,0.100008078,0.744781654,0.013323456,0.743395
514,0.797619048,0.099442604,0.747198695,0,0.7429013
515,0.8,0.098715567,0.74966465,0,0.74418855
516,0.802380952,0.100250424,0.752168427,0,0.7489964
517,0.804761905,0.097665401,0.754690863,0,0.74986494
518,0.807142857,0.085386542,0.757214811,0,0.75253093
519,0.80952381,0.067776072,0.759729683,0,0.7549213
520,0.79047619,0.102997011,0.740088774,0.05420962,0.73826593
521,0.792857143,0.10089668,0.742414539,0.033900797,0.7380371
522,0.795238095,0.100008078,0.744781654,0.008870721,0.7418204
523,0.797619048,0.099442604,0.747198695,0,0.7465682
524,0.8,0.098715567,0.74966465,0,0.74610174
525,0.802380952,0.100250424,0.752168427,0,0.74726295
526,0.804761905,0.097665401,0.754690863,0,0.75229
527,0.807142857,0.085386542,0.757214811,0,0.75304556
528,0.80952381,0.067776072,0.759729683,0,0.7557515
529,0.811904762,0.055820341,0.762244554,0,0.7580558
530,0.792857143,0.10089668,0.742414539,0.043522924,0.741047
531,0.795238095,0.100008078,0.744781654,0.02211374,0.7407486
532,0.797619048,0.099442604,0.747198695,0,0.74448967
533,0.8,0.098715567,0.74966465,0,0.7492831
534,0.802380952,0.100250424,0.752168427,0,0.7488073
535,0.804761905,0.097665401,0.754690863,0,0.74985653
536,0.807142857,0.085386542,0.757214811,0,0.7549937
537,0.80952381,0.067776072,0.759729683,0,0.75566244
538,0.811904762,0.055820341,0.762244554,0,0.7584324
539,0.814285714,0.057920672,0.764775058,0,0.76066923
540,0.795238095,0.100008078,0.744781654,0.046135098,0.7427011
541,0.797619048,0.099442604,0.747198695,0.025512159,0.7421555
542,0.8,0.098715567,0.74966465,0,0.7459216
543,0.802380952,0.100250424,0.752168427,0,0.75082326
544,0.804761905,0.097665401,0.754690863,0,0.75027657
545,0.807142857,0.085386542,0.757214811,0,0.7513037
546,0.80952381,0.067776072,0.759729683,0,0.7563323
547,0.811904762,0.055820341,0.762244554,0,0.75697505
548,0.814285714,0.057920672,0.764775058,0,0.75982976
549,0.816666667,0.071088133,0.76732876,0,0.7620449
550,0.797619048,0.099442604,0.747198695,0.060899734,0.743204
551,0.8,0.098715567,0.74966465,0.042767376,0.7423202
552,0.802380952,0.100250424,0.752168427,0.017812878,0.7462033
553,0.804761905,0.097665401,0.754690863,0.002546936,0.75121176
554,0.807142857,0.085386542,0.757214811,0,0.75054985
555,0.80952381,0.067776072,0.759729683,0,0.7516842
556,0.811904762,0.055820341,0.762244554,0,0.7564075
557,0.814285714,0.057920672,0.764775058,0,0.75708055
558,0.816666667,0.071088133,0.76732876,0,0.7600148
559,0.819047619,0.086032797,0.769903641,0,0.76226056
560,0.8,0.098715567,0.74966465,0.082684636,0.7431315
561,0.802380952,0.100250424,0.752168427,0.06789872,0.74193126
562,0.804761905,0.097665401,0.754690863,0.04483804,0.74600124
563,0.807142857,0.085386542,0.757214811,0.03132984,0.7510793
564,0.80952381,0.067776072,0.759729683,0.013255447,0.75027466
565,0.811904762,0.055820341,0.762244554,0.002923995,0.75163734
566,0.814285714,0.057920672,0.764775058,0,0.75594723
567,0.816666667,0.071088133,0.76732876,0,0.75668937
568,0.819047619,0.086032797,0.769903641,0,0.75966716
569,0.821428571,0.102350755,0.7724876,0,0.76199687
570,0.802380952,0.100250424,0.752168427,0.10606888,0.74316347
571,0.804761905,0.097665401,0.754690863,0.09454116,0.74175775
572,0.807142857,0.085386542,0.757214811,0.073590994,0.7460389
573,0.80952381,0.067776072,0.759729683,0.061576188,0.75115037
574,0.811904762,0.055820341,0.762244554,0.045392096,0.750182
575,0.814285714,0.057920672,0.764775058,0.035603553,0.75185585
576,0.816666667,0.071088133,0.76732876,0.033068,0.75574255
577,0.819047619,0.086032797,0.769903641,0.020747423,0.75658077
578,0.821428571,0.102350755,0.7724876,0.0138098,0.7595432
579,0.823809524,0.118911059,0.775070045,0.000632793,0.76200247
580,0.804761905,0.097665401,0.754690863,0.12696704,0.74389815
581,0.807142857,0.085386542,0.757214811,0.11788854,0.74246085
582,0.80952381,0.067776072,0.759729683,0.098795384,0.7469119
583,0.811904762,0.055820341,0.762244554,0.0875915,0.75204444
584,0.814285714,0.057920672,0.764775058,0.07239899,0.75090206
585,0.816666667,0.071088133,0.76732876,0.06235662,0.7529175
586,0.819047619,0.086032797,0.769903641,0.059218794,0.75646484
587,0.821428571,0.102350755,0.7724876,0.046516657,0.75742346
588,0.823809524,0.118911059,0.775070045,0.039050728,0.7602973
589,0.826190476,0.134582761,0.777645431,0.024383932,0.7629161
590,0.807142857,0.085386542,0.757214811,0.14237171,0.7456414
591,0.80952381,0.067776072,0.759729683,0.13434207,0.74436057
592,0.811904762,0.055820341,0.762244554,0.11640039,0.7489071
593,0.814285714,0.057920672,0.764775058,0.1050612,0.7540631
594,0.816666667,0.071088133,0.76732876,0.089490056,0.752752
595,0.819047619,0.086032797,0.769903641,0.07819793,0.7550726
596,0.821428571,0.102350755,0.7724876,0.07281852,0.75844306
597,0.823809524,0.118911059,0.775070045,0.058482766,0.75953037
598,0.826190476,0.134582761,0.777645431,0.049326062,0.7622625
599,0.828571429,0.145084417,0.780205184,0.03224063,0.76503265
600,0.80952381,0.067776072,0.759729683,0.15092057,0.7484315
601,0.811904762,0.055820341,0.762244554,0.14222199,0.74744594
602,0.814285714,0.057920672,0.764775058,0.124387205,0.75202477
603,0.816666667,0.071088133,0.76732876,0.11193019,0.75720906
604,0.819047619,0.086032797,0.769903641,0.0944334,0.7557461
605,0.821428571,0.102350755,0.7724876,0.08087069,0.75827694
606,0.823809524,0.118911059,0.775070045,0.07207671,0.76166457
607,0.826190476,0.134582761,0.777645431,0.054937094,0.76286024
608,0.828571429,0.145084417,0.780205184,0.043008,0.76545024
609,0.830952381,0.149527425,0.782745774,0.022973537,0.76831686
610,0.811904762,0.055820341,0.762244554,0.1531359,0.7520677
611,0.814285714,0.057920672,0.764775058,0.1421831,0.7514266
612,0.816666667,0.071088133,0.76732876,0.12333667,0.75600207
613,0.819047619,0.086032797,0.769903641,0.10898498,0.76122206
614,0.821428571,0.102350755,0.7724876,0.088229835,0.7596286
615,0.823809524,0.118911059,0.775070045,0.07160154,0.7622512
616,0.826190476,0.134582761,0.777645431,0.05891773,0.7658262
617,0.828571429,0.145084417,0.780205184,0.03819251,0.76708543
618,0.830952381,0.149527425,0.782745774,0.022727579,0.76958054
619,0.833333333,0.149769771,0.785268209,0,0.7724626
620,0.814285714,0.057920672,0.764775058,0.15136951,0.7561574
621,0.816666667,0.071088133,0.76732876,0.13716665,0.7558178
622,0.819047619,0.086032797,0.769903641,0.1164473,0.76037747
623,0.821428571,0.102350755,0.7724876,0.099815756,0.7656515
624,0.823809524,0.118911059,0.775070045,0.07502079,0.76394314
625,0.826190476,0.134582761,0.777645431,0.05496812,0.7665578
626,0.828571429,0.145084417,0.780205184,0.03860879,0.7704201
627,0.830952381,0.149527425,0.782745774,0.014065981,0.7716947
628,0.833333333,0.149769771,0.785268209,0,0.77415645
629,0.835714286,0.149204298,0.787778542,0,0.7769842
630,0.816666667,0.071088133,0.76732876,0.14843795,0.76025075
631,0.819047619,0.086032797,0.769903641,0.1307387,0.76011693
632,0.821428571,0.102350755,0.7724876,0.10774407,0.7646612
633,0.823809524,0.118911059,0.775070045,0.08885461,0.77001786
634,0.826190476,0.134582761,0.777645431,0.05988422,0.76820076
635,0.828571429,0.145084417,0.780205184,0.036501646,0.770749
636,0.830952381,0.149527425,0.782745774,0.017119348,0.77491826
637,0.833333333,0.149769771,0.785268209,0,0.7761774
638,0.835714286,0.149204298,0.787778542,0,0.77865034
639,0.838095238,0.149446644,0.790294422,0,0.78139
640,0.819047619,0.086032797,0.769903641,0.14463729,0.76404774
641,0.821428571,0.102350755,0.7724876,0.12355134,0.76403356
642,0.823809524,0.118911059,0.775070045,0.0981949,0.7685729
643,0.826190476,0.134582761,0.777645431,0.077251166,0.77402174
644,0.828571429,0.145084417,0.780205184,0.04436049,0.7721079
645,0.830952381,0.149527425,0.782745774,0.017984182,0.7745539
646,0.833333333,0.149769771,0.785268209,0,0.77901924
647,0.835714286,0.149204298,0.787778542,0,0.7802441
648,0.838095238,0.149446644,0.790294422,0,0.7827498
649,0.84047619,0.146296147,0.792843585,0,0.7853905
650,0.821428571,0.102350755,0.7724876,0.1417355,0.76737356
651,0.823809524,0.118911059,0.775070045,0.1177651,0.7673785
652,0.826190476,0.134582761,0.777645431,0.09025547,0.7719443
653,0.828571429,0.145084417,0.780205184,0.06767669,0.77749085
654,0.830952381,0.149527425,0.782745774,0.031468928,0.7754828
655,0.833333333,0.149769771,0.785268209,0.002648145,0.7778171
656,0.835714286,0.149204298,0.787778542,0,0.7825242
657,0.838095238,0.149446644,0.790294422,0,0.7836986
658,0.84047619,0.146296147,0.792843585,0,0.7862552
659,0.842857143,0.144842071,0.795461835,0,0.7888069
660,0.823809524,0.118911059,0.775070045,0.14198825,0.77004385
661,0.826190476,0.134582761,0.777645431,0.11606705,0.7699702
662,0.828571429,0.145084417,0.780205184,0.08694959,0.7746057
663,0.830952381,0.149527425,0.782745774,0.0633488,0.7802526
664,0.833333333,0.149769771,0.785268209,0.024754792,0.7781404
665,0.835714286,0.149204298,0.787778542,0,0.78039086
666,0.838095238,0.149446644,0.790294422,0,0.7852375
667,0.84047619,0.146296147,0.792843585,0,0.7863591
668,0.842857143,0.144842071,0.795461835,0,0.78897846
669,0.845238095,0.14686162,0.798138582,0,0.79146755
670,0.826190476,0.134582761,0.777645431,0.14586505,0.77205354
671,0.828571429,0.145084417,0.780205184,0.11906776,0.7718477
672,0.830952381,0.149527425,0.782745774,0.08906788,0.77659154
673,0.833333333,0.149769771,0.785268209,0.06505868,0.78232515
674,0.835714286,0.149204298,0.787778542,0.025097221,0.78009856
675,0.838095238,0.149446644,0.790294422,0,0.7823211
676,0.84047619,0.146296147,0.792843585,0,0.78719366
677,0.842857143,0.144842071,0.795461835,0,0.7882755
678,0.845238095,0.14686162,0.798138582,0,0.7909566
679,0.847619048,0.150496809,0.800884416,0,0.7934139
680,0.828571429,0.145084417,0.780205184,0.15013659,0.7737834
681,0.830952381,0.149527425,0.782745774,0.12306771,0.77347684
682,0.833333333,0.149769771,0.785268209,0.09270057,0.7783346
683,0.835714286,0.149204298,0.787778542,0.06855625,0.7841183
684,0.838095238,0.149446644,0.790294422,0.027866215,0.78178585
685,0.84047619,0.146296147,0.792843585,0,0.7840304
686,0.842857143,0.144842071,0.795461835,0,0.7888748
687,0.845238095,0.14686162,0.798138582,0,0.7899349
688,0.847619048,0.150496809,0.800884416,0,0.7926583
689,0.85,0.150739155,0.803661516,0,0.7951013
690,0.830952381,0.149527425,0.782745774,0.15307054,0.7756859
691,0.833333333,0.149769771,0.785268209,0.12585291,0.77533627
692,0.835714286,0.149204298,0.787778542,0.09529999,0.7802874
693,0.838095238,0.149446644,0.790294422,0.07100576,0.7860967
694,0.84047619,0.146296147,0.792843585,0.029751062,0.7836692
695,0.842857143,0.144842071,0.795461835,0,0.7859649
696,0.845238095,0.14686162,0.798138582,0,0.7907772
697,0.847619048,0.150496809,0.800884416,0,0.79182917
698,0.85,0.150739155,0.803661516,0,0.7945746
699,0.852380952,0.151062283,0.806443154,0,0.7970114
700,0.833333333,0.149769771,0.785268209,0.15446866,0.77787614
701,0.835714286,0.149204298,0.787778542,0.12694618,0.7775258
702,0.838095238,0.149446644,0.790294422,0.09615439,0.7825469
703,0.84047619,0.146296147,0.792843585,0.07156733,0.7883748
704,0.842857143,0.144842071,0.795461835,0.02961722,0.78585815
705,0.845238095,0.14686162,0.798138582,0,0.7882136
706,0.847619048,0.150496809,0.800884416,0,0.7930126
707,0.85,0.150739155,0.803661516,0,0.7940643
708,0.852380952,0.151062283,0.806443154,0,0.7968185
709,0.854761905,0.151304629,0.809215211,0,0.7992493
710,0.835714286,0.149204298,0.787778542,0.15487963,0.7802891
711,0.838095238,0.149446644,0.790294422,0.12683782,0.77995574
712,0.84047619,0.146296147,0.792843585,0.09567088,0.7850324
713,0.842857143,0.144842071,0.795461835,0.070652336,0.79088295
714,0.845238095,0.14686162,0.798138582,0.027799487,0.7882775
715,0.847619048,0.150496809,0.800884416,0,0.790689
716,0.85,0.150739155,0.803661516,0,0.7954949
717,0.852380952,0.151062283,0.806443154,0,0.7965483
718,0.854761905,0.151304629,0.809215211,0,0.79930747
719,0.857142857,0.151546975,0.811991806,0,0.80172825
720,0.838095238,0.149446644,0.790294422,0.15477285,0.7828515
721,0.84047619,0.146296147,0.792843585,0.12603876,0.7825408
722,0.842857143,0.144842071,0.795461835,0.09436631,0.78766143
723,0.845238095,0.14686162,0.798138582,0.06881338,0.79354334
724,0.847619048,0.150496809,0.800884416,0.024870008,0.79084814
725,0.85,0.150739155,0.803661516,0,0.7933078
726,0.852380952,0.151062283,0.806443154,0,0.798138
727,0.854761905,0.151304629,0.809215211,0,0.7991948
728,0.857142857,0.151546975,0.811991806,0,0.8019568
729,0.85952381,0.151789321,0.814785043,0,0.8043637
730,0.84047619,0.146296147,0.792843585,0.15163371,0.7856272
731,0.842857143,0.144842071,0.795461835,0.121723086,0.78537
732,0.845238095,0.14686162,0.798138582,0.089247525,0.7905158
733,0.847619048,0.150496809,0.800884416,0.06290713,0.7964195
734,0.85,0.150739155,0.803661516,0.01752472,0.79365265
735,0.852380952,0.151062283,0.806443154,0,0.79613006
736,0.854761905,0.151304629,0.809215211,0,0.8010421
737,0.857142857,0.151546975,0.811991806,0,0.8020946
738,0.85952381,0.151789321,0.814785043,0,0.80485404
739,0.861904762,0.146053801,0.817584836,0,0.8072325
740,0.842857143,0.144842071,0.795461835,0.14546022,0.78863883
741,0.845238095,0.14686162,0.798138582,0.11385226,0.7884265
742,0.847619048,0.150496809,0.800884416,0.08019915,0.79359293
743,0.85,0.150739155,0.803661516,0.0528706,0.79951465
744,0.852380952,0.151062283,0.806443154,0.005720109,0.7966943
745,0.854761905,0.151304629,0.809215211,0,0.7991436
746,0.857142857,0.151546975,0.811991806,0,0.8041951
747,0.85952381,0.151789321,0.814785043,0,0.8052153
748,0.861904762,0.146053801,0.817584836,0,0.807984
749,0.864285714,0.139106551,0.820378073,0,0.81031823
750,0.845238095,0.14686162,0.798138582,0.13751191,0.79172325
751,0.847619048,0.150496809,0.800884416,0.10398564,0.79151654
752,0.85,0.150739155,0.803661516,0.068941414,0.79670274
753,0.852380952,0.151062283,0.806443154,0.040602148,0.80264926
754,0.854761905,0.151304629,0.809215211,0,0.79978776
755,0.857142857,0.151546975,0.811991806,0,0.80217385
756,0.85952381,0.151789321,0.814785043,0,0.80739105
757,0.861904762,0.146053801,0.817584836,0,0.8083497
758,0.864285714,0.139106551,0.820378073,0,0.8111434
759,0.866666667,0.132320866,0.823155173,0,0.81342626
760,0.847619048,0.150496809,0.800884416,0.12895426,0.7946948
761,0.85,0.150739155,0.803661516,0.09362617,0.7944504
762,0.852380952,0.151062283,0.806443154,0.057204485,0.7996528
763,0.854761905,0.151304629,0.809215211,0.027993768,0.8056328
764,0.857142857,0.151546975,0.811991806,0,0.8027408
765,0.85952381,0.151789321,0.814785043,0,0.8050452
766,0.861904762,0.146053801,0.817584836,0,0.8104249
767,0.864285714,0.139106551,0.820378073,0,0.8113024
768,0.866666667,0.132320866,0.823155173,0,0.81413054
769,0.869047619,0.125454399,0.825924708,0,0.81636405
770,0.85,0.150739155,0.803661516,0.120673746,0.79742336
771,0.852380952,0.151062283,0.806443154,0.08387944,0.7971034
772,0.854761905,0.151304629,0.809215211,0.046257585,0.8023199
773,0.857142857,0.151546975,0.811991806,0.01641357,0.80833805
774,0.85952381,0.151789321,0.814785043,0,0.8054253
775,0.861904762,0.146053801,0.817584836,0,0.8076412
776,0.864285714,0.139106551,0.820378073,0,0.81316185
777,0.866666667,0.132320866,0.823155173,0,0.8139475
778,0.869047619,0.125454399,0.825924708,0,0.8168149
779,0.871428571,0.118587931,0.828698782,0,0.8190068
780,0.852380952,0.151062283,0.806443154,0.11357185,0.79973406
781,0.854761905,0.151304629,0.809215211,0.07576692,0.7992908
782,0.857142857,0.151546975,0.811991806,0.037219167,0.8045436
783,0.85952381,0.151789321,0.814785043,0.007069975,0.8105942
784,0.861904762,0.146053801,0.817584836,0,0.8076656
785,0.864285714,0.139106551,0.820378073,0,0.8097932
786,0.866666667,0.132320866,0.823155173,0,0.81541467
787,0.869047619,0.125454399,0.825924708,0,0.8160959
788,0.871428571,0.118587931,0.828698782,0,0.81901443
789,0.873809524,0.111640682,0.831469831,0,0.82117236
790,0.854761905,0.151304629,0.809215211,0.107596934,0.80165076
791,0.857142857,0.151546975,0.811991806,0.069288105,0.80105245
792,0.85952381,0.151789321,0.814785043,0.030158162,0.80636466
793,0.861904762,0.146053801,0.817584836,3.60E-05,0.81243086
794,0.864285714,0.139106551,0.820378073,0,0.80949235
795,0.866666667,0.132320866,0.823155173,0,0.8115444
796,0.869047619,0.125454399,0.825924708,0,0.81721956
797,0.871428571,0.118587931,0.828698782,0,0.8177877
798,0.873809524,0.111640682,0.831469831,0,0.8207681
799,0.876190476,0.104774214,0.83423634,0,0.822899
800,0.857142857,0.151546975,0.811991806,0.10223472,0.8032953
801,0.85952381,0.151789321,0.814785043,0.06387818,0.80253327
802,0.861904762,0.146053801,0.817584836,0.024500906,0.80791795
803,0.864285714,0.139106551,0.820378073,0,0.8139776
804,0.866666667,0.132320866,0.823155173,0,0.81103647
805,0.869047619,0.125454399,0.825924708,0,0.81303513
806,0.871428571,0.118587931,0.828698782,0,0.8187213
807,0.873809524,0.111640682,0.831469831,0,0.81917304
808,0.876190476,0.104774214,0.83423634,0,0.82222164
809,0.878571429,0.097907747,0.837008397,0,0.82433
810,0.85952381,0.151789321,0.814785043,0.096089065,0.80489063
811,0.861904762,0.146053801,0.817584836,0.057925463,0.8039881
812,0.864285714,0.139106551,0.820378073,0.018510371,0.80943584
813,0.866666667,0.132320866,0.823155173,0,0.8154658
814,0.869047619,0.125454399,0.825924708,0,0.81253505
815,0.871428571,0.118587931,0.828698782,0,0.81450075
816,0.873809524,0.111640682,0.831469831,0,0.8201806
817,0.876190476,0.104774214,0.83423634,0,0.8205174
818,0.878571429,0.097907747,0.837008397,0,0.82363045
819,0.880952381,0.089667986,0.839802139,0,0.8257164
820,0.861904762,0.146053801,0.817584836,0.08904725,0.8066493
821,0.864285714,0.139106551,0.820378073,0.05117917,0.8056387
822,0.866666667,0.132320866,0.823155173,0.011812776,0.81111777
823,0.869047619,0.125454399,0.825924708,0,0.81711376
824,0.871428571,0.118587931,0.828698782,0,0.8142024
825,0.873809524,0.111640682,0.831469831,0,0.81614965
826,0.876190476,0.104774214,0.83423634,0,0.82182294
827,0.878571429,0.097907747,0.837008397,0,0.82205343
828,0.880952381,0.089667986,0.839802139,0,0.8252206
829,0.883333333,0.082639955,0.842634205,0,0.82728565
830,0.864285714,0.139106551,0.820378073,0.08189383,0.8084251
831,0.866666667,0.132320866,0.823155173,0.04432422,0.8073063
832,0.869047619,0.125454399,0.825924708,0.00499782,0.812812
833,0.871428571,0.118587931,0.828698782,0,0.81877553
834,0.873809524,0.111640682,0.831469831,0,0.8158834
835,0.876190476,0.104774214,0.83423634,0,0.8178141
836,0.878571429,0.097907747,0.837008397,0,0.82347846
837,0.880952381,0.089667986,0.839802139,0,0.8236045
838,0.883333333,0.082639955,0.842634205,0,0.8268256
839,0.885714286,0.075288796,0.845515692,0,0.8288686
840,0.866666667,0.132320866,0.823155173,0.07498601,0.81018007
841,0.869047619,0.125454399,0.825924708,0.037736326,0.80894506
842,0.871428571,0.118587931,0.828698782,0,0.81448054
843,0.873809524,0.111640682,0.831469831,0,0.82041323
844,0.876190476,0.104774214,0.83423634,0,0.8175378
845,0.878571429,0.097907747,0.837008397,0,0.8194536
846,0.880952381,0.089667986,0.839802139,0,0.8251016
847,0.883333333,0.082639955,0.842634205,0,0.82512385
848,0.885714286,0.075288796,0.845515692,0,0.8284019
849,0.888095238,0.068260764,0.848432983,0,0.83042216
850,0.869047619,0.125454399,0.825924708,0.06816518,0.8119169
851,0.871428571,0.118587931,0.828698782,0.031245917,0.81056213
852,0.873809524,0.111640682,0.831469831,0,0.8161303
853,0.876190476,0.104774214,0.83423634,0,0.82203114
854,0.878571429,0.097907747,0.837008397,0,0.8191706
855,0.880952381,0.089667986,0.839802139,0,0.82107437
856,0.883333333,0.082639955,0.842634205,0,0.8267003
857,0.885714286,0.075288796,0.845515692,0,0.82662004
858,0.888095238,0.068260764,0.848432983,0,0.82995677
859,0.89047619,0.060909605,0.851377506,0,0.8319528
860,0.871428571,0.118587931,0.828698782,0.06581062,0.8135162
861,0.873809524,0.111640682,0.831469831,0.029775351,0.8119906
862,0.876190476,0.104774214,0.83423634,0,0.8176098
863,0.878571429,0.097907747,0.837008397,0,0.82350755
864,0.880952381,0.089667986,0.839802139,0,0.8206326
865,0.883333333,0.082639955,0.842634205,0,0.8225545
866,0.885714286,0.075288796,0.845515692,0,0.82808936
867,0.888095238,0.068260764,0.848432983,0,0.8279246
868,0.89047619,0.060909605,0.851377506,0,0.8313321
869,0.892857143,0.063656192,0.854354303,0,0.8333199
870,0.873809524,0.111640682,0.831469831,0.068187,0.81467545
871,0.876190476,0.104774214,0.83423634,0.03366548,0.8129561
872,0.878571429,0.097907747,0.837008397,0,0.81865835
873,0.880952381,0.089667986,0.839802139,0,0.82455695
874,0.883333333,0.082639955,0.842634205,0,0.8216436
875,0.885714286,0.075288796,0.845515692,0,0.8236332
876,0.888095238,0.068260764,0.848432983,0,0.82899845
877,0.89047619,0.060909605,0.851377506,0,0.82877755
878,0.892857143,0.063656192,0.854354303,0,0.83225787
879,0.895238095,0.065998869,0.85735934,0,0.8342495
880,0.876190476,0.104774214,0.83423634,0.073245496,0.8156201
881,0.878571429,0.097907747,0.837008397,0.040555626,0.81373096
882,0.880952381,0.089667986,0.839802139,0.003377795,0.81953955
883,0.883333333,0.082639955,0.842634205,0,0.82542455
884,0.885714286,0.075288796,0.845515692,0,0.822459
885,0.888095238,0.068260764,0.848432983,0,0.82456225
886,0.89047619,0.060909605,0.851377506,0,0.8297146
887,0.892857143,0.063656192,0.854354303,0,0.82946277
888,0.895238095,0.065998869,0.85735934,0,0.8330066
889,0.897619048,0.068260764,0.860387574,0,0.83501124
890,0.878571429,0.097907747,0.837008397,0.078751266,0.8166957
891,0.880952381,0.089667986,0.839802139,0.04779157,0.8146949
892,0.883333333,0.082639955,0.842634205,0.011659592,0.8206111
893,0.885714286,0.075288796,0.845515692,0,0.8264699
894,0.888095238,0.068260764,0.848432983,0,0.8234427
895,0.89047619,0.060909605,0.851377506,0,0.82569146
896,0.892857143,0.063656192,0.854354303,0,0.83063304
897,0.895238095,0.065998869,0.85735934,0,0.830371
898,0.897619048,0.068260764,0.860387574,0,0.83395827
899,0.9,0.070603441,0.863419842,0,0.83598197
900,0.880952381,0.089667986,0.839802139,0.083301306,0.8181434
901,0.883333333,0.082639955,0.842634205,0.05364865,0.8160999
902,0.885714286,0.075288796,0.845515692,0.0183748,0.8221065
903,0.888095238,0.068260764,0.848432983,0,0.8279381
904,0.89047619,0.060909605,0.851377506,0,0.8248408
905,0.892857143,0.063656192,0.854354303,0,0.8272464
906,0.895238095,0.065998869,0.85735934,0,0.8320161
907,0.897619048,0.068260764,0.860387574,0,0.8317596
908,0.9,0.070603441,0.863419842,0,0.8353658
909,0.902380952,0.072865336,0.866444546,0,0.83741057
910,0.883333333,0.082639955,0.842634205,0.08670941,0.8200122
911,0.885714286,0.075288796,0.845515692,0.057805836,0.8179772
912,0.888095238,0.068260764,0.848432983,0.023075908,0.8240566
913,0.89047619,0.060909605,0.851377506,0,0.8298726
914,0.892857143,0.063656192,0.854354303,0,0.8266939
915,0.895238095,0.065998869,0.85735934,0,0.8292498
916,0.897619048,0.068260764,0.860387574,0,0.83390075
917,0.9,0.070603441,0.863419842,0,0.83365846
918,0.902380952,0.072865336,0.866444546,0,0.8372649
919,0.904761905,0.075208014,0.869470258,0,0.8393285
920,0.885714286,0.075288796,0.845515692,0.08903468,0.82229424
921,0.888095238,0.068260764,0.848432983,0.06032875,0.8203099
922,0.89047619,0.060909605,0.851377506,0.02579546,0.82643664
923,0.892857143,0.063656192,0.854354303,0.002025157,0.8322568
924,0.895238095,0.065998869,0.85735934,0,0.8289875
925,0.897619048,0.068260764,0.860387574,0,0.83167624
926,0.9,0.070603441,0.863419842,0,0.83626914
927,0.902380952,0.072865336,0.866444546,0,0.83604765
928,0.904761905,0.075208014,0.869470258,0,0.8396374
929,0.907142857,0.077469909,0.872495971,0,0.8417156
930,0.888095238,0.068260764,0.848432983,0.090936065,0.82485855
931,0.89047619,0.060909605,0.851377506,0.061935127,0.8229399
932,0.892857143,0.063656192,0.854354303,0.027253568,0.82910097
933,0.895238095,0.065998869,0.85735934,0.003054112,0.83494985
934,0.897619048,0.068260764,0.860387574,0,0.83157897
935,0.9,0.070603441,0.863419842,0,0.83437383
936,0.902380952,0.072865336,0.866444546,0,0.83896196
937,0.904761905,0.075208014,0.869470258,0,0.8387629
938,0.907142857,0.077469909,0.872495971,0,0.84232867
939,0.90952381,0.079731804,0.875521683,0,0.8444154
940,0.89047619,0.060909605,0.851377506,0.09323448,0.82750416
941,0.892857143,0.063656192,0.854354303,0.06357488,0.8256334
942,0.895238095,0.065998869,0.85735934,0.028466165,0.83184135
943,0.897619048,0.068260764,0.860387574,0.003690153,0.8377383
944,0.9,0.070603441,0.863419842,0,0.8342527
945,0.902380952,0.072865336,0.866444546,0,0.83712643
946,0.904761905,0.075208014,0.869470258,0,0.8417403
947,0.907142857,0.077469909,0.872495971,0,0.8415601
948,0.90952381,0.079731804,0.875521683,0,0.8451073
949,0.911904762,0.082074481,0.878547396,0,0.8471973
950,0.892857143,0.063656192,0.854354303,0.09660277,0.82999986
951,0.895238095,0.065998869,0.85735934,0.06609857,0.8281287
952,0.897619048,0.068260764,0.860387574,0.030406296,0.8344284
953,0.9,0.070603441,0.863419842,0.005053997,0.8403795
954,0.902380952,0.072865336,0.866444546,0,0.83676386
955,0.904761905,0.075208014,0.869470258,0,0.83969766
956,0.907142857,0.077469909,0.872495971,0,0.844334
957,0.90952381,0.079731804,0.875521683,0,0.84416175
958,0.911904762,0.082074481,0.878547396,0,0.84771
959,0.914285714,0.084336376,0.881572604,0,0.8497983
960,0.895238095,0.065998869,0.85735934,0.09995404,0.83251303
961,0.897619048,0.068260764,0.860387574,0.06859085,0.8306439
962,0.9,0.070603441,0.863419842,0.032305032,0.8370353
963,0.902380952,0.072865336,0.866444546,0.006365418,0.8430407
964,0.904761905,0.075208014,0.869470258,0,0.8392929
965,0.907142857,0.077469909,0.872495971,0,0.8422886
966,0.90952381,0.079731804,0.875521683,0,0.8469472
967,0.911904762,0.082074481,0.878547396,0,0.84678596
968,0.914285714,0.084336376,0.881572604,0,0.8503337
969,0.916666667,0.086679053,0.884597308,0,0.8524202
970,0.897619048,0.068260764,0.860387574,0.103296906,0.8350363
971,0.9,0.070603441,0.863419842,0.07104787,0.8331704
972,0.902380952,0.072865336,0.866444546,0.034150302,0.8396549
973,0.904761905,0.075208014,0.869470258,0.00760895,0.8457153
974,0.907142857,0.077469909,0.872495971,0,0.8418324
975,0.90952381,0.079731804,0.875521683,0,0.84489083
976,0.911904762,0.082074481,0.878547396,0,0.8495718
977,0.914285714,0.084336376,0.881572604,0,0.84942436
978,0.916666667,0.086679053,0.884597308,0,0.8529707
979,0.919047619,0.088940948,0.887621508,0,0.855055
980,0.9,0.070603441,0.863419842,0.10595712,0.8375935
981,0.902380952,0.072865336,0.866444546,0.072704166,0.83573925
982,0.904761905,0.075208014,0.869470258,0.035129488,0.84231615
983,0.907142857,0.077469909,0.872495971,0.007927597,0.84842646
984,0.90952381,0.079731804,0.875521683,0,0.84441125
985,0.911904762,0.082074481,0.878547396,0,0.8475278
986,0.914285714,0.084336376,0.881572604,0,0.8522425
987,0.916666667,0.086679053,0.884597308,0,0.85210866
988,0.919047619,0.088940948,0.887621508,0,0.8556516
989,0.921428571,0.089748768,0.890655289,0,0.8577299
990,0.902380952,0.072865336,0.866444546,0.10545188,0.84032774
991,0.904761905,0.075208014,0.869470258,0.07074466,0.8385161
992,0.907142857,0.077469909,0.872495971,0.032242805,0.8451711
993,0.90952381,0.079731804,0.875521683,0.004157811,0.8513137
994,0.911904762,0.082074481,0.878547396,0,0.847185
995,0.914285714,0.084336376,0.881572604,0,0.8503363
996,0.916666667,0.086679053,0.884597308,0,0.85513514
997,0.919047619,0.088940948,0.887621508,0,0.85500497
998,0.921428571,0.089748768,0.890655289,0,0.8585392
999,0.923809524,0.085386542,0.893718823,0,0.8605977
1000,0.904761905,0.075208014,0.869470258,0.10344744,0.8433664
1001,0.907142857,0.077469909,0.872495971,0.06702852,0.84158504
1002,0.90952381,0.079731804,0.875521683,0.027380466,0.84830284
1003,0.911904762,0.082074481,0.878547396,0,0.8544892
1004,0.914285714,0.084336376,0.881572604,0,0.8502523
1005,0.916666667,0.086679053,0.884597308,0,0.85341656
1006,0.919047619,0.088940948,0.887621508,0,0.8583291
1007,0.921428571,0.089748768,0.890655289,0,0.85818815
1008,0.923809524,0.085386542,0.893718823,0,0.86171913
1009,0.926190476,0.084578722,0.896831272,0,0.863755
1010,0.907142857,0.077469909,0.872495971,0.10250431,0.84636253
1011,0.90952381,0.079731804,0.875521683,0.06451383,0.8445668
1012,0.911904762,0.082074481,0.878547396,0.023720682,0.8513483
1013,0.914285714,0.084336376,0.881572604,0,0.8576013
1014,0.916666667,0.086679053,0.884597308,0,0.8532485
1015,0.919047619,0.088940948,0.887621508,0,0.8564209
1016,0.921428571,0.089748768,0.890655289,0,0.861432
1017,0.923809524,0.085386542,0.893718823,0,0.8612746
1018,0.926190476,0.084578722,0.896831272,0,0.86481094
1019,0.928571429,0.085952016,0.899994655,0,0.86682916
1020,0.90952381,0.079731804,0.875521683,0.10161173,0.84910536
1021,0.911904762,0.082074481,0.878547396,0.06214717,0.8472731
1022,0.914285714,0.084336376,0.881572604,0.020258427,0.85413027
1023,0.916666667,0.086679053,0.884597308,0,0.86044455
1024,0.919047619,0.088940948,0.887621508,0,0.85598254
1025,0.921428571,0.089748768,0.890655289,0,0.8591562
1026,0.923809524,0.085386542,0.893718823,0,0.8642566
1027,0.926190476,0.084578722,0.896831272,0,0.86407685
1028,0.928571429,0.085952016,0.899994655,0,0.8676224
1029,0.930952381,0.083124647,0.903192328,0,0.8696219
1030,0.911904762,0.082074481,0.878547396,0.09938419,0.8517875
1031,0.914285714,0.084336376,0.881572604,0.058381736,0.8499119
1032,0.916666667,0.086679053,0.884597308,0.015370101,0.85685
1033,0.919047619,0.088940948,0.887621508,0,0.86321056
1034,0.921428571,0.089748768,0.890655289,0,0.85865414
1035,0.923809524,0.085386542,0.893718823,0,0.86181605
1036,0.926190476,0.084578722,0.896831272,0,0.86701506
1037,0.928571429,0.085952016,0.899994655,0,0.86679965
1038,0.930952381,0.083124647,0.903192328,0,0.87035835
1039,0.933333333,0.078439292,0.906410174,0,0.87233603
1040,0.914285714,0.084336376,0.881572604,0.09643838,0.8544909
1041,0.916666667,0.086679053,0.884597308,0.053915113,0.85255075
1042,0.919047619,0.088940948,0.887621508,0.009774327,0.85957146
1043,0.921428571,0.089748768,0.890655289,0,0.8659756
1044,0.923809524,0.085386542,0.893718823,0,0.861333
1045,0.926190476,0.084578722,0.896831272,0,0.8644758
1046,0.928571429,0.085952016,0.899994655,0,0.8697714
1047,0.930952381,0.083124647,0.903192328,0,0.86950606
1048,0.933333333,0.078439292,0.906410174,0,0.8730855
1049,0.935714286,0.075208014,0.909649703,0,0.8750434
1050,0.916666667,0.086679053,0.884597308,0.09301448,0.8571033
1051,0.919047619,0.088940948,0.887621508,0.04907182,0.855077
1052,0.921428571,0.089748768,0.890655289,0.003856689,0.8621831
1053,0.923809524,0.085386542,0.893718823,0,0.8686261
1054,0.926190476,0.084578722,0.896831272,0,0.8639064
1055,0.928571429,0.085952016,0.899994655,0,0.8670275
1056,0.930952381,0.083124647,0.903192328,0,0.8724094
1057,0.933333333,0.078439292,0.906410174,0,0.8720817
1058,0.935714286,0.075208014,0.909649703,0,0.8756888
1059,0.938095238,0.071007351,0.912910917,0,0.87762785
1060,0.919047619,0.088940948,0.887621508,0.085727006,0.8597535
1061,0.921428571,0.089748768,0.890655289,0.04009232,0.85766566
1062,0.923809524,0.085386542,0.893718823,0,0.86483586
1063,0.926190476,0.084578722,0.896831272,0,0.8712913
1064,0.928571429,0.085952016,0.899994655,0,0.8665271
1065,0.930952381,0.083124647,0.903192328,0,0.86960703
1066,0.933333333,0.078439292,0.906410174,0,0.87511444
1067,0.935714286,0.075208014,0.909649703,0,0.87470406
1068,0.938095238,0.071007351,0.912910917,0,0.8783343
1069,0.94047619,0.059213184,0.916186755,0,0.8802426
1070,0.921428571,0.089748768,0.890655289,0.07459438,0.8627879
1071,0.923809524,0.085386542,0.893718823,0.02695024,0.8606478
1072,0.926190476,0.084578722,0.896831272,0,0.86783886
1073,0.928571429,0.085952016,0.899994655,0,0.87430847
1074,0.930952381,0.083124647,0.903192328,0,0.86952555
1075,0.933333333,0.078439292,0.906410174,0,0.8725346
1076,0.935714286,0.075208014,0.909649703,0,0.8782175
1077,0.938095238,0.071007351,0.912910917,0,0.87770075
1078,0.94047619,0.059213184,0.916186755,0,0.8813499
1079,0.942857143,0.048226836,0.91947167,0,0.8832233
1080,0.923809524,0.085386542,0.893718823,0.067415744,0.86577785
1081,0.926190476,0.084578722,0.896831272,0.018377215,0.8634881
1082,0.928571429,0.085952016,0.899994655,0,0.8707036
1083,0.930952381,0.083124647,0.903192328,0,0.8772427
1084,0.933333333,0.078439292,0.906410174,0,0.87241566
1085,0.935714286,0.075208014,0.909649703,0,0.8753578
1086,0.938095238,0.071007351,0.912910917,0,0.88115513
1087,0.94047619,0.059213184,0.916186755,0,0.8805268
1088,0.942857143,0.048226836,0.91947167,0,0.8842137
1089,0.945238095,0.049923257,0.922769697,0,0.88607633
1090,0.926190476,0.084578722,0.896831272,0.072668016,0.8675214
1091,0.928571429,0.085952016,0.899994655,0.023980737,0.8649024
1092,0.930952381,0.083124647,0.903192328,0,0.8722607
1093,0.933333333,0.078439292,0.906410174,0,0.87890494
1094,0.935714286,0.075208014,0.909649703,0,0.87397206
1095,0.938095238,0.071007351,0.912910917,0,0.87691355
1096,0.94047619,0.059213184,0.916186755,0,0.88261217
1097,0.942857143,0.048226836,0.91947167,0,0.88189477
1098,0.945238095,0.049923257,0.922769697,0,0.8856658
1099,0.947619048,0.062282898,0.926090416,0,0.8875561
1100,0.928571429,0.085952016,0.899994655,0.095048785,0.8675789
1101,0.930952381,0.083124647,0.903192328,0.049490094,0.86451936
1102,0.933333333,0.078439292,0.906410174,0.001742572,0.87215567
1103,0.935714286,0.075208014,0.909649703,0,0.8788991
1104,0.938095238,0.071007351,0.912910917,0,0.8737861
1105,0.94047619,0.059213184,0.916186755,0,0.8768887
1106,0.942857143,0.048226836,0.91947167,0,0.88217276
1107,0.945238095,0.049923257,0.922769697,0,0.8814372
1108,0.947619048,0.062282898,0.926090416,0,0.8853328
1109,0.95,0.088133129,0.929416179,0,0.88729537
1110,0.930952381,0.083124647,0.903192328,0.12945431,0.86618316
1111,0.933333333,0.078439292,0.906410174,0.08930573,0.8627677
1112,0.935714286,0.075208014,0.909649703,0.044807136,0.87075484
1113,0.938095238,0.071007351,0.912910917,0.015301496,0.8775401
1114,0.94047619,0.059213184,0.916186755,0,0.87219167
1115,0.942857143,0.048226836,0.91947167,0,0.8756573
1116,0.945238095,0.049923257,0.922769697,0,0.8802709
1117,0.947619048,0.062282898,0.926090416,0,0.8796212
1118,0.95,0.088133129,0.929416179,0,0.8836249
1119,0.952380952,0.114144923,0.93272883,0,0.88569033
1120,0.933333333,0.078439292,0.906410174,0.16768213,0.86439115
1121,0.935714286,0.075208014,0.909649703,0.13361377,0.8608383
1122,0.938095238,0.071007351,0.912910917,0.09316605,0.8691988
1123,0.94047619,0.059213184,0.916186755,0.06631771,0.87597084
1124,0.942857143,0.048226836,0.91947167,0.009606123,0.87032247
1125,0.945238095,0.049923257,0.922769697,0,0.87431526
1126,0.947619048,0.062282898,0.926090416,0,0.8781414
1127,0.95,0.088133129,0.929416179,0,0.8776925
1128,0.952380952,0.114144923,0.93272883,0,0.88173056
1129,0.954761905,0.138460296,0.936031899,0,0.8839271
1130,0.935714286,0.075208014,0.909649703,0.20399904,0.86343116
1131,0.938095238,0.071007351,0.912910917,0.1752483,0.8600277
1132,0.94047619,0.059213184,0.916186755,0.13874757,0.8687291
1133,0.942857143,0.048226836,0.91947167,0.11362037,0.8754797
1134,0.945238095,0.049923257,0.922769697,0.0595195,0.86943805
1135,0.947619048,0.062282898,0.926090416,0.012330055,0.8740704
1136,0.95,0.088133129,0.929416179,0,0.8771199
1137,0.952380952,0.114144923,0.93272883,0,0.8769988
1138,0.954761905,0.138460296,0.936031899,0,0.88095605
1139,0.957142857,0.163502706,0.939335977,0,0.883307
1140,0.938095238,0.071007351,0.912910917,0.23410952,0.8642278
1141,0.94047619,0.059213184,0.916186755,0.20878662,0.8613125
1142,0.942857143,0.048226836,0.91947167,0.175352,0.8702574
1143,0.945238095,0.049923257,0.922769697,0.15044609,0.8770186
1144,0.947619048,0.062282898,0.926090416,0.09664127,0.8704785
1145,0.95,0.088133129,0.929416179,0.04708752,0.8758028
1146,0.952380952,0.114144923,0.93272883,0.023986429,0.87821394
1147,0.954761905,0.138460296,0.936031899,0,0.87856454
1148,0.957142857,0.163502706,0.939335977,0,0.8823036
1149,0.95952381,0.185717748,0.942653671,0,0.8848002
1150,0.94047619,0.059213184,0.916186755,0.2585876,0.8670841
1151,0.942857143,0.048226836,0.91947167,0.23414652,0.8649517
1152,0.945238095,0.049923257,0.922769697,0.20224994,0.8740208
1153,0.947619048,0.062282898,0.926090416,0.17585827,0.88086057
1154,0.95,0.088133129,0.929416179,0.119259655,0.87372005
1155,0.952380952,0.114144923,0.93272883,0.06471372,0.87972885
1156,0.954761905,0.138460296,0.936031899,0.03647867,0.8816962
1157,0.957142857,0.163502706,0.939335977,0,0.88265884
1158,0.95952381,0.185717748,0.942653671,0,0.88609195
1159,0.961904762,0.21124485,0.945983972,0,0.88866603
1160,0.942857143,0.048226836,0.91947167,0.27850348,0.87141114
1161,0.945238095,0.049923257,0.922769697,0.25179467,0.8702471
1162,0.947619048,0.062282898,0.926090416,0.21935765,0.87940836
1163,0.95,0.088133129,0.929416179,0.18977015,0.886358
1164,0.952380952,0.114144923,0.93272883,0.126825,0.8785347
1165,0.954761905,0.138460296,0.936031899,0.064267874,0.88514614
1166,0.957142857,0.163502706,0.939335977,0.029004008,0.8868775
1167,0.95952381,0.185717748,0.942653671,0,0.8885791
1168,0.961904762,0.21124485,0.945983972,0,0.89168787
1169,0.964285714,0.23216738,0.949321333,0,0.89422226
1170,0.945238095,0.049923257,0.922769697,0.2921936,0.87722737
1171,0.947619048,0.062282898,0.926090416,0.25967818,0.8771287
1172,0.95,0.088133129,0.929416179,0.22424537,0.8864167
1173,0.952380952,0.114144923,0.93272883,0.18976194,0.8934554
1174,0.954761905,0.138460296,0.936031899,0.11677244,0.884892
1175,0.957142857,0.163502706,0.939335977,0.0431104,0.89197147
1176,0.95952381,0.185717748,0.942653671,0,0.89369386
1177,0.961904762,0.21124485,0.945983972,0,0.896242
1178,0.964285714,0.23216738,0.949321333,0,0.899047
1179,0.966666667,0.244284676,0.952667771,0,0.901422
1180,0.947619048,0.062282898,0.926090416,0.2944491,0.8852065
1181,0.95,0.088133129,0.929416179,0.2523343,0.8861972
1182,0.952380952,0.114144923,0.93272883,0.2110406,0.8956171
1183,0.954761905,0.138460296,0.936031899,0.16984095,0.9026934
1184,0.957142857,0.163502706,0.939335977,0.08317739,0.8933939
1185,0.95952381,0.185717748,0.942653671,0,0.9007778
1186,0.961904762,0.21124485,0.945983972,0,0.90277576
1187,0.964285714,0.23216738,0.949321333,0,0.9062012
1188,0.966666667,0.244284676,0.952667771,0,0.9087671
1189,0.969047619,0.246950481,0.956021773,0,0.9108683
1190,0.95,0.088133129,0.929416179,0.28039235,0.8958262
1191,0.952380952,0.114144923,0.93272883,0.22604406,0.89777005
1192,0.954761905,0.138460296,0.936031899,0.17569652,0.90725505
1193,0.957142857,0.163502706,0.939335977,0.12582424,0.91445947
1194,0.95952381,0.185717748,0.942653671,0.022836417,0.90442693
1195,0.961904762,0.21124485,0.945983972,0,0.91186285
1196,0.964285714,0.23216738,0.949321333,0,0.9144212
1197,0.966666667,0.244284676,0.952667771,0,0.9186138
1198,0.969047619,0.246950481,0.956021773,0,0.9211873
1199,0.971428571,0.240811051,0.959385357,0,0.92285657
